time,acce_x,acce_y,acce_z,gyro_x,gyro_y,gyro_z
0.0,0.15,0.27,0.96,0.58,-6.63,5.42
3.3333333333333333e-06,0.16,0.28,0.95,2.11,-8.5,4.34
6.666666666666667e-06,0.17,0.27,0.95,1.94,-6.15,2.12
9.999999999999999e-06,0.2,0.29,1.02,-3.27,-3.28,1.91
1.3333333333333333e-05,0.19,0.28,1.0,-4.73,-5.05,1.82
1.6666666666666667e-05,0.17,0.28,0.96,-5.04,-9.02,2.84
2e-05,0.2,0.29,0.96,-2.73,-8.69,3.01
2.3333333333333336e-05,0.15,0.22,0.99,0.55,-10.72,2.69
2.666666666666667e-05,0.19,0.28,0.99,1.31,-15.02,3.94
3.0000000000000004e-05,0.22,0.29,0.98,-0.02,-11.76,5.39
3.3333333333333335e-05,0.21,0.31,1.01,-3.42,-11.51,5.88
3.6666666666666666e-05,0.23,0.3,0.98,-6.99,-8.11,5.45
3.9999999999999996e-05,0.21,0.31,1.03,-12.15,-6.72,4.12
4.333333333333333e-05,0.24,0.3,0.99,-10.41,-5.83,5.8
4.666666666666666e-05,0.22,0.29,0.94,-7.54,-8.26,7.24
4.999999999999999e-05,0.22,0.29,0.98,-6.66,-9.16,8.9
5.333333333333332e-05,0.26,0.27,0.94,-3.27,-6.43,9.34
5.666666666666665e-05,0.23,0.27,0.89,1.54,-5.13,9.39
5.999999999999998e-05,0.23,0.27,0.96,-1.88,-5.22,9.36
6.333333333333332e-05,0.21,0.27,0.97,-4.82,-5.85,7.56
6.666666666666666e-05,0.22,0.27,0.95,-2.73,-3.57,6.5
7e-05,0.24,0.28,0.99,-5.54,-2.75,7.24
7.333333333333333e-05,0.21,0.26,0.97,-7.33,-7.37,8.0
7.666666666666667e-05,0.21,0.25,0.95,-5.79,-8.82,6.05
8e-05,0.22,0.24,0.91,-3.44,-10.15,4.7
8.333333333333334e-05,0.23,0.24,0.89,-0.52,-4.67,3.28
8.666666666666668e-05,0.24,0.24,0.89,3.25,-3.44,2.6
9.000000000000002e-05,0.23,0.26,0.93,3.92,-3.34,2.84
9.333333333333336e-05,0.23,0.27,0.96,2.35,-3.68,2.95
9.66666666666667e-05,0.22,0.28,1.03,-1.76,-6.95,3.65
0.00010000000000000003,0.23,0.27,1.01,-6.32,-9.56,3.59
0.00010333333333333337,0.22,0.26,0.95,-5.02,-11.63,2.75
0.00010666666666666671,0.28,0.26,0.91,-2.37,-4.03,1.44
0.00011000000000000004,0.27,0.26,0.94,-1.4,-0.15,1.47
0.00011333333333333338,0.27,0.27,0.93,-0.2,4.06,0.66
0.00011666666666666672,0.24,0.28,0.98,-2.61,1.48,0.85
0.00012000000000000006,0.23,0.28,1.01,-5.68,-3.48,2.05
0.0001233333333333334,0.24,0.27,1.0,-7.37,-5.65,3.05
0.00012666666666666672,0.28,0.27,0.97,-6.14,-4.93,4.11
0.00013000000000000004,0.28,0.26,0.94,-3.74,-3.79,4.47
0.00013333333333333337,0.31,0.29,0.92,-2.85,0.96,3.6
0.0001366666666666667,0.28,0.25,0.93,-1.3,3.68,3.83
0.00014000000000000001,0.26,0.24,0.93,1.79,3.73,4.46
0.00014333333333333334,0.28,0.25,0.91,5.74,3.73,3.44
0.00014666666666666666,0.26,0.25,0.91,10.47,4.38,6.05
0.00015,0.29,0.23,0.91,17.5,10.69,6.05
0.0001533333333333333,0.22,0.31,0.95,21.88,11.39,7.76
0.00015666666666666663,0.26,0.26,0.92,22.46,15.24,9.07
0.00015999999999999996,0.26,0.26,0.91,25.54,17.89,8.92
0.00016333333333333328,0.24,0.21,0.86,27.01,12.41,6.66
0.0001666666666666666,0.17,0.26,0.93,35.65,17.51,2.29
0.00016999999999999993,0.21,0.29,0.98,31.24,5.8,5.08
0.00017333333333333325,0.23,0.3,0.98,33.04,-1.77,8.61
0.00017666666666666658,0.18,0.31,0.98,34.46,-6.2,10.09
0.0001799999999999999,0.21,0.31,0.97,31.36,-12.6,12.41
0.00018333333333333323,0.25,0.29,0.96,29.25,-2.56,7.02
0.00018666666666666655,0.23,0.32,0.99,24.38,5.59,-0.79
0.00018999999999999987,0.13,0.39,1.05,13.21,-9.57,1.36
0.0001933333333333332,0.24,0.36,1.01,5.94,-9.6,1.44
0.00019666666666666652,0.33,0.36,0.95,2.69,4.44,2.15
0.00019999999999999985,0.25,0.35,0.96,1.22,4.73,1.45
0.00020333333333333317,0.23,0.35,0.96,1.82,0.38,0.64
0.0002066666666666665,0.25,0.34,0.96,1.88,1.07,2.03
0.00020999999999999982,0.24,0.35,0.96,0.96,1.95,1.47
0.00021333333333333314,0.23,0.36,0.97,-0.66,1.54,1.83
0.00021666666666666647,0.24,0.35,0.95,-0.12,-1.47,2.73
0.0002199999999999998,0.24,0.33,0.94,-0.52,-3.34,2.24
0.00022333333333333311,0.23,0.34,0.97,-1.44,-7.44,3.27
0.00022666666666666644,0.25,0.34,0.95,-3.85,-6.64,2.79
0.00022999999999999976,0.25,0.34,0.93,-7.07,-4.23,0.43
0.0002333333333333331,0.2,0.34,0.94,-6.99,-10.5,1.91
0.0002366666666666664,0.27,0.33,0.89,-4.78,-9.19,2.5
0.00023999999999999974,0.28,0.33,0.91,-3.18,-3.89,3.73
0.00024333333333333306,0.27,0.31,0.89,-2.26,-3.08,4.43
0.0002466666666666664,0.27,0.32,0.91,-3.19,-1.77,3.65
0.00024999999999999973,0.25,0.32,0.93,-4.85,-2.64,0.76
0.00025333333333333306,0.25,0.32,0.92,-5.31,-4.29,2.24
0.0002566666666666664,0.29,0.32,0.89,-1.94,-2.63,3.86
0.0002599999999999997,0.28,0.31,0.89,1.16,-2.08,4.2
0.00026333333333333303,0.28,0.33,0.94,-1.44,-1.85,3.33
0.00026666666666666635,0.26,0.31,0.93,-1.85,-2.95,2.69
0.0002699999999999997,0.22,0.3,0.93,-1.42,-15.02,6.2
0.000273333333333333,0.25,0.32,0.93,-2.9,-16.52,2.53
0.0002766666666666663,0.31,0.33,0.91,-2.73,-13.85,2.35
0.00027999999999999965,0.28,0.31,0.92,-4.49,-10.81,3.79
0.000283333333333333,0.27,0.32,0.94,-5.57,-8.26,3.89
0.0002866666666666663,0.33,0.32,0.92,-4.85,0.78,2.85
0.0002899999999999996,0.29,0.31,0.91,-3.44,1.76,2.43
0.00029333333333333295,0.27,0.29,0.89,0.09,-0.15,3.45
0.00029666666666666627,0.29,0.31,0.91,2.85,0.15,5.24
0.0002999999999999996,0.29,0.32,0.94,-0.29,5.63,2.05
0.0003033333333333329,0.27,0.34,0.98,-5.6,3.83,0.29
0.00030666666666666624,0.25,0.31,0.98,-6.4,0.38,0.55
0.00030999999999999957,0.28,0.31,0.93,-4.78,-3.21,2.23
0.0003133333333333329,0.29,0.29,0.91,-1.98,-0.11,3.07
0.0003166666666666662,0.26,0.32,0.95,-1.95,-1.1,1.97
0.00031999999999999954,0.28,0.34,0.97,-2.99,5.62,-1.62
0.00032333333333333286,0.23,0.43,1.02,-7.22,4.82,1.08
0.0003266666666666662,0.29,0.32,0.94,-6.38,2.76,3.07
0.0003299999999999995,0.29,0.31,0.91,-3.5,2.37,4.12
0.00033333333333333283,0.3,0.31,0.94,-5.22,5.86,3.59
0.00033666666666666616,0.28,0.31,0.93,-4.6,4.73,4.12
0.0003399999999999995,0.27,0.31,0.95,-5.59,2.87,4.0
0.0003433333333333328,0.25,0.3,0.96,-6.9,-0.84,3.59
0.00034666666666666613,0.3,0.32,0.93,-5.73,2.0,2.58
0.00034999999999999945,0.29,0.33,0.94,-5.44,8.76,0.35
0.0003533333333333328,0.28,0.34,0.96,-3.86,5.02,1.68
0.0003566666666666661,0.28,0.37,0.98,0.52,0.95,2.75
0.0003599999999999994,0.22,0.37,1.02,2.29,-4.99,2.96
0.00036333333333333275,0.25,0.37,1.04,2.87,-6.99,3.16
0.0003666666666666661,0.27,0.37,1.03,-0.69,-6.76,1.02
0.0003699999999999994,0.28,0.33,1.0,-3.15,-3.65,-0.63
0.0003733333333333327,0.27,0.31,0.96,-6.15,-1.02,-0.82
0.00037666666666666605,0.22,0.28,0.98,-8.35,-3.4,-3.66
0.00037999999999999937,0.25,0.27,0.92,-8.84,-0.15,-7.54
0.0003833333333333327,0.29,0.27,0.92,-8.38,3.97,-7.97
0.000386666666666666,0.31,0.28,0.92,-7.4,4.08,-4.78
0.00038999999999999934,0.31,0.29,0.97,-10.29,3.02,-0.09
0.00039333333333333267,0.29,0.3,1.0,-17.18,-2.85,3.95
0.000396666666666666,0.31,0.27,0.92,-18.38,2.56,6.09
0.0003999999999999993,0.31,0.24,0.85,-12.6,9.22,9.91
0.00040333333333333264,0.37,0.21,0.78,-17.85,16.63,8.31
0.00040666666666666596,0.34,0.22,0.77,-12.63,30.87,11.59
0.0004099999999999993,0.28,0.21,0.78,-3.69,35.16,11.36
0.0004133333333333326,0.2,0.2,0.85,-0.12,28.85,11.97
0.00041666666666666593,0.29,0.22,0.89,-0.56,26.46,14.14
0.00041999999999999926,0.27,0.22,0.92,-3.36,21.62,16.93
0.0004233333333333326,0.28,0.16,0.89,-8.55,20.56,17.01
0.0004266666666666659,0.25,0.2,0.89,-8.0,27.69,9.79
0.00042999999999999923,0.22,0.21,0.89,-5.08,24.4,6.82
0.00043333333333333255,0.19,0.22,0.94,-1.88,11.34,6.09
0.0004366666666666659,0.19,0.23,0.96,-1.4,3.91,6.52
0.0004399999999999992,0.24,0.25,0.96,-1.92,1.42,6.43
0.0004433333333333325,0.24,0.24,0.98,-4.4,5.18,3.22
0.00044666666666666585,0.27,0.28,1.03,-6.18,4.64,4.81
0.0004499999999999992,0.24,0.27,1.03,-7.65,-1.39,8.17
0.0004533333333333325,0.21,0.28,1.04,-8.73,-7.92,8.43
0.0004566666666666658,0.21,0.26,1.05,-10.15,-12.85,7.91
0.00045999999999999915,0.17,0.27,1.06,-9.3,-25.07,6.95
0.00046333333333333247,0.18,0.25,1.03,-5.36,-32.6,4.78
0.0004666666666666658,0.2,0.23,1.01,-2.26,-39.74,2.11
0.0004699999999999991,0.21,0.22,1.03,-5.57,-44.14,-1.98
0.00047333333333333244,0.2,0.26,1.06,-10.02,-46.92,-4.09
0.00047666666666666577,0.2,0.23,1.02,-23.95,-71.47,6.06
0.0004799999999999991,0.29,0.22,0.92,-18.56,-54.66,9.08
0.0004833333333333324,0.45,0.24,0.85,-15.45,-20.0,2.6
0.00048666666666666574,0.42,0.25,0.9,-20.27,-1.97,6.21
0.0004899999999999991,0.35,0.26,0.95,-15.88,9.31,-0.95
0.0004933333333333325,0.29,0.31,0.99,-20.21,0.43,11.07
0.0004966666666666659,0.32,0.21,0.91,-17.39,2.5,13.65
0.0004999999999999993,0.28,0.21,0.9,-12.11,3.91,11.92
0.0005033333333333326,0.29,0.22,0.95,-10.82,3.34,10.95
0.000506666666666666,0.27,0.16,0.96,-9.68,-3.83,8.93
0.0005099999999999994,0.27,0.2,0.93,-8.5,-2.61,6.34
0.0005133333333333328,0.31,0.16,0.86,6.89,14.12,-6.64
0.0005166666666666661,0.31,0.18,0.9,3.15,1.94,5.21
0.0005199999999999995,0.29,0.17,0.93,4.93,-1.88,5.33
0.0005233333333333329,0.28,0.16,0.92,8.02,-4.17,3.34
0.0005266666666666663,0.29,0.18,0.92,11.73,1.13,1.08
0.0005299999999999997,0.32,0.17,0.87,20.37,1.54,2.63
0.000533333333333333,0.37,0.18,0.81,34.72,5.19,9.19
0.0005366666666666664,0.32,0.2,0.83,46.27,1.62,12.32
0.0005399999999999998,0.29,0.25,1.08,31.69,18.15,6.26
0.0005433333333333332,0.25,0.3,1.25,6.21,6.21,2.99
0.0005466666666666665,0.29,0.26,1.08,-3.59,2.63,0.53
0.0005499999999999999,0.32,0.22,0.93,-0.75,7.63,0.08
0.0005533333333333333,0.32,0.23,0.93,4.7,9.71,2.69
0.0005566666666666667,0.31,0.25,0.98,1.4,7.82,3.98
0.0005600000000000001,0.3,0.26,1.0,-8.4,7.05,1.94
0.0005633333333333334,0.26,0.24,0.98,-9.5,2.52,2.34
0.0005666666666666668,0.3,0.22,0.9,-5.24,3.19,2.56
0.0005700000000000002,0.29,0.22,0.93,-2.93,1.45,2.08
0.0005733333333333336,0.25,0.23,0.99,-5.48,-7.95,0.98
0.000576666666666667,0.3,0.22,0.93,-5.79,-6.84,0.96
0.0005800000000000003,0.32,0.2,0.89,-1.71,-0.69,0.66
0.0005833333333333337,0.3,0.21,0.93,-0.38,-3.16,0.7
0.0005866666666666671,0.29,0.2,0.95,0.66,-10.31,1.62
0.0005900000000000005,0.33,0.22,0.94,-1.45,-5.4,1.74
0.0005933333333333338,0.31,0.23,0.93,-2.82,-4.18,2.99
0.0005966666666666672,0.33,0.24,0.96,-4.93,0.34,2.76
0.0006000000000000006,0.34,0.21,0.92,-3.89,10.5,-1.24
0.000603333333333334,0.27,0.19,0.98,-6.37,2.12,-0.85
0.0006066666666666674,0.28,0.2,0.96,-5.24,-4.03,-1.47
0.0006100000000000007,0.34,0.21,0.9,-5.02,3.98,-0.12
0.0006133333333333341,0.29,0.21,0.94,-5.3,2.73,0.31
0.0006166666666666675,0.27,0.23,1.02,-6.67,-7.74,0.78
0.0006200000000000009,0.31,0.22,0.93,-5.79,-4.05,-0.18
0.0006233333333333342,0.34,0.22,0.9,-5.11,5.98,1.22
0.0006266666666666676,0.32,0.22,0.93,-2.89,1.54,2.95
0.000630000000000001,0.29,0.21,0.95,-1.57,1.97,1.36
0.0006333333333333344,0.29,0.21,0.96,-2.38,0.56,-1.53
0.0006366666666666678,0.3,0.23,0.98,-5.01,-2.24,-1.1
0.0006400000000000011,0.31,0.22,0.99,-5.51,-6.78,0.95
0.0006433333333333345,0.35,0.21,0.93,-3.15,-3.91,5.3
0.0006466666666666679,0.31,0.2,0.96,-2.37,-6.96,5.91
0.0006500000000000013,0.32,0.19,0.95,-3.92,-5.59,6.03
0.0006533333333333346,0.35,0.2,0.91,-4.03,5.89,3.5
0.000656666666666668,0.32,0.21,0.96,-4.31,4.75,2.72
0.0006600000000000014,0.3,0.21,0.98,-5.73,1.47,3.53
0.0006633333333333348,0.33,0.21,0.96,-5.08,3.48,2.9
0.0006666666666666682,0.31,0.2,0.97,-3.83,1.21,2.08
0.0006700000000000015,0.31,0.21,0.98,-5.15,-1.68,2.66
0.0006733333333333349,0.31,0.21,0.97,-4.79,-3.02,2.35
0.0006766666666666683,0.34,0.21,0.98,-6.99,1.34,2.11
0.0006800000000000017,0.31,0.22,1.03,-10.78,-0.35,1.31
0.000683333333333335,0.31,0.2,0.99,-12.15,-4.37,3.37
0.0006866666666666684,0.34,0.19,0.9,-9.53,0.9,4.26
0.0006900000000000018,0.3,0.18,0.95,-6.17,-0.99,5.04
0.0006933333333333352,0.28,0.18,0.96,-5.89,0.78,3.04
0.0006966666666666686,0.29,0.18,0.95,-6.98,1.22,0.76
0.0007000000000000019,0.33,0.19,0.94,-6.66,2.92,1.57
0.0007033333333333353,0.27,0.17,0.97,-5.51,-0.96,2.03
0.0007066666666666687,0.26,0.18,0.98,-6.5,-5.65,1.63
0.0007100000000000021,0.23,0.18,1.05,-11.36,-18.23,-0.23
0.0007133333333333355,0.27,0.17,0.98,-14.29,-24.43,-0.02
0.0007166666666666688,0.39,0.18,0.88,-16.15,-6.82,0.64
0.0007200000000000022,0.39,0.17,0.91,-18.53,3.48,2.61
0.0007233333333333356,0.36,0.15,0.9,-16.34,2.11,6.47
0.000726666666666669,0.31,0.13,0.91,-9.45,3.3,7.89
0.0007300000000000023,0.33,0.11,0.89,-1.85,-1.82,9.8
0.0007333333333333357,0.33,0.14,0.92,-1.63,-4.7,9.37
0.0007366666666666691,0.35,0.14,0.93,-2.66,-1.66,10.23
0.0007400000000000025,0.33,0.16,0.95,-0.63,-2.43,10.69
0.0007433333333333359,0.33,0.2,0.98,-2.58,-2.11,9.25
0.0007466666666666692,0.31,0.18,0.99,-5.37,-2.96,6.73
0.0007500000000000026,0.34,0.16,0.97,-5.13,-0.92,4.37
0.000753333333333336,0.36,0.15,0.93,-4.87,7.15,3.08
0.0007566666666666694,0.32,0.13,0.95,-3.62,9.42,1.51
0.0007600000000000028,0.29,0.15,1.01,-5.79,5.15,1.98
0.0007633333333333361,0.29,0.16,1.02,-8.38,-5.4,3.45
0.0007666666666666695,0.32,0.15,0.98,-7.68,-9.27,5.08
0.0007700000000000029,0.31,0.16,1.02,-14.82,-14.27,5.91
0.0007733333333333363,0.26,0.18,1.12,-27.51,-26.27,3.19
0.0007766666666666696,0.29,0.16,1.08,-35.36,-31.76,-1.57
0.000780000000000003,0.25,0.11,1.03,-38.56,-39.68,-8.49
0.0007833333333333364,0.2,0.09,1.05,-37.95,-60.69,-14.17
0.0007866666666666698,0.3,-0.01,0.9,-42.08,-88.58,-4.17
0.0007900000000000032,0.55,0.08,0.76,-36.34,-46.69,0.95
0.0007933333333333365,0.7,0.09,0.74,-25.71,-0.03,6.47
0.0007966666666666699,0.49,0.08,0.86,-21.56,12.15,8.61
0.0008000000000000033,0.34,0.06,0.9,-15.57,1.98,5.42
0.0008033333333333367,0.41,0.04,0.84,-10.31,6.15,2.34
0.00080666666666667,0.41,0.04,0.84,-3.65,11.45,-0.17
0.0008100000000000034,0.35,0.04,0.89,2.38,4.85,3.66
0.0008133333333333368,0.38,0.04,0.89,5.44,5.6,2.92
0.0008166666666666702,0.4,0.05,0.87,8.34,3.88,2.29
0.0008200000000000036,0.36,0.05,0.93,8.99,0.95,1.82
0.0008233333333333369,0.38,0.08,0.95,4.5,2.66,0.49
0.0008266666666666703,0.39,0.1,1.0,-2.87,5.08,-1.13
0.0008300000000000037,0.42,0.08,0.9,-3.65,15.69,-2.76
0.0008333333333333371,0.4,0.09,0.92,-1.44,17.07,-0.92
0.0008366666666666705,0.36,0.07,0.97,1.77,7.1,1.94
0.0008400000000000038,0.35,0.07,0.96,2.56,0.95,2.6
0.0008433333333333372,0.37,0.07,0.93,4.11,-2.61,3.28
0.0008466666666666706,0.36,0.07,0.94,3.85,0.31,0.37
0.000850000000000004,0.38,0.09,1.01,-0.09,1.66,-1.34
0.0008533333333333373,0.42,0.09,0.95,-1.33,8.26,-1.68
0.0008566666666666707,0.41,0.09,0.94,1.51,11.68,0.29
0.0008600000000000041,0.37,0.07,0.95,6.31,8.02,2.67
0.0008633333333333375,0.36,0.07,0.97,10.5,2.03,4.98
0.0008666666666666709,0.36,0.06,0.9,23.92,-0.34,9.18
0.0008700000000000042,0.4,0.05,0.77,49.62,9.73,9.48
0.0008733333333333376,0.34,0.01,0.82,76.05,13.08,9.97
0.000876666666666671,0.36,0.05,0.91,93.24,17.11,13.31
0.0008800000000000044,0.28,0.3,1.24,45.48,18.52,6.5
0.0008833333333333377,0.3,0.23,1.2,15.88,9.1,1.54
0.0008866666666666711,0.33,0.17,1.04,5.13,9.59,-2.23
0.0008900000000000045,0.31,0.14,1.02,0.7,6.64,-3.6
0.0008933333333333379,0.31,0.13,1.02,-0.15,-2.6,-2.58
0.0008966666666666713,0.3,0.14,1.02,-1.19,-11.65,-2.53
0.0009000000000000046,0.36,0.14,0.96,0.69,-12.09,-1.4
0.000903333333333338,0.37,0.15,0.95,2.93,-8.55,-1.76
0.0009066666666666714,0.31,0.17,1.03,-1.48,-14.08,-4.99
0.0009100000000000048,0.35,0.19,1.01,-5.3,-16.31,-6.85
0.0009133333333333382,0.4,0.19,0.97,-8.53,-10.21,-8.2
0.0009166666666666715,0.41,0.17,0.97,-9.15,-10.85,-4.99
0.0009200000000000049,0.39,0.16,0.94,-9.08,-12.82,-1.34
0.0009233333333333383,0.4,0.15,0.92,-7.86,-10.67,0.61
0.0009266666666666717,0.39,0.15,0.92,-7.37,-8.15,-0.05
0.000930000000000005,0.37,0.16,0.93,-8.96,-5.5,-2.78
0.0009333333333333384,0.36,0.16,0.97,-13.97,-5.56,-5.13
0.0009366666666666718,0.35,0.14,0.95,-15.36,-9.63,-6.41
0.0009400000000000052,0.39,0.12,0.9,-12.81,-11.18,-6.35
0.0009433333333333386,0.39,0.11,0.9,-10.87,-14.69,-5.79
0.0009466666666666719,0.41,0.11,0.92,-10.35,-20.89,-3.76
0.0009500000000000053,0.42,0.11,0.89,-11.08,-17.4,-3.33
0.0009533333333333387,0.49,0.1,0.82,-9.4,0.11,-4.35
0.0009566666666666721,0.46,0.09,0.86,-5.73,6.0,-4.23
0.0009600000000000054,0.46,0.09,0.89,-0.99,5.82,-2.38
0.0009633333333333388,0.43,0.09,0.91,2.7,2.35,0.09
0.0009666666666666722,0.45,0.1,0.91,4.35,6.12,1.57
0.0009700000000000056,0.41,0.12,0.97,4.84,1.24,2.69
0.000973333333333339,0.41,0.15,1.0,-0.52,-5.11,3.66
0.0009766666666666723,0.41,0.14,0.99,-2.14,-6.03,2.98
0.0009800000000000056,0.41,0.12,0.97,-1.15,-10.24,4.26
0.0009833333333333389,0.41,0.12,0.96,-4.18,-5.95,3.4
0.0009866666666666721,0.45,0.11,0.92,0.29,2.05,3.77
0.0009900000000000054,0.43,0.13,0.91,4.23,3.1,4.6
0.0009933333333333387,0.42,0.11,0.93,10.76,3.18,7.07
0.000996666666666672,0.42,0.12,0.92,12.84,3.07,8.92
0.0010000000000000052,0.43,0.11,0.9,19.25,3.76,10.12
0.0010033333333333385,0.41,0.11,0.9,24.41,4.03,9.48
0.0010066666666666718,0.37,0.21,0.96,24.72,-1.42,10.96
0.001010000000000005,0.4,0.14,0.9,24.12,-0.47,11.56
0.0010133333333333383,0.39,0.12,0.88,29.08,0.89,11.02
0.0010166666666666716,0.41,0.13,0.84,38.0,9.48,7.39
0.0010200000000000048,0.33,0.17,0.89,47.65,8.81,9.34
0.0010233333333333381,0.4,0.14,0.84,51.34,13.02,10.08
0.0010266666666666714,0.37,0.15,0.85,51.92,14.32,8.18
0.0010300000000000047,0.36,0.15,0.87,54.24,13.51,6.05
0.001033333333333338,0.3,0.19,0.9,54.95,1.33,6.37
0.0010366666666666712,0.42,0.21,0.94,45.01,5.42,5.73
0.0010400000000000045,0.35,0.26,1.06,29.8,5.5,3.95
0.0010433333333333377,0.35,0.26,1.04,17.88,3.1,1.15
0.001046666666666671,0.37,0.26,0.99,8.11,9.88,-1.28
0.0010500000000000043,0.37,0.24,0.98,8.96,12.6,-0.79
0.0010533333333333375,0.32,0.24,0.97,10.78,8.7,0.55
0.0010566666666666708,0.32,0.25,0.98,12.99,1.82,1.83
0.001060000000000004,0.35,0.24,0.94,11.42,3.95,1.16
0.0010633333333333374,0.35,0.27,0.96,7.37,4.75,-1.36
0.0010666666666666706,0.37,0.26,0.95,6.38,5.01,-2.09
0.0010700000000000039,0.38,0.27,0.96,4.23,8.99,-4.06
0.0010733333333333372,0.38,0.28,0.97,3.28,12.27,-5.1
0.0010766666666666704,0.37,0.31,0.98,-0.95,8.06,-1.74
0.0010800000000000037,0.39,0.31,0.97,-4.89,5.63,2.47
0.001083333333333337,0.39,0.27,0.92,-6.32,9.07,3.02
0.0010866666666666702,0.36,0.25,0.92,-6.92,9.62,2.29
0.0010900000000000035,0.37,0.22,0.9,-7.59,11.47,-1.53
0.0010933333333333368,0.35,0.23,0.92,-8.14,9.07,-3.73
0.00109666666666667,0.34,0.23,0.91,-7.05,3.07,-2.63
0.0011000000000000033,0.38,0.24,0.9,-6.23,2.89,0.14
0.0011033333333333366,0.4,0.22,0.88,-3.47,6.55,1.54
0.0011066666666666699,0.37,0.21,0.89,-2.09,3.5,1.65
0.0011100000000000031,0.35,0.19,0.89,1.63,-3.85,0.95
0.0011133333333333364,0.33,0.16,0.9,5.24,-14.37,2.34
0.0011166666666666697,0.33,0.23,0.94,6.44,-7.6,-2.24
0.001120000000000003,0.31,0.24,0.94,4.29,-16.89,-4.93
0.0011233333333333362,0.33,0.24,0.91,5.76,-24.85,-6.17
0.0011266666666666695,0.37,0.21,0.88,11.3,-25.86,-5.85
0.0011300000000000027,0.47,0.26,0.86,6.76,-12.55,-2.9
0.001133333333333336,0.5,0.27,0.84,4.12,3.62,0.05
0.0011366666666666693,0.45,0.24,0.86,4.7,10.6,0.53
0.0011400000000000026,0.44,0.24,0.85,6.55,16.67,0.26
0.0011433333333333358,0.41,0.25,0.9,3.86,21.21,-0.37
0.001146666666666669,0.41,0.27,0.93,-0.23,24.6,0.46
0.0011500000000000024,0.34,0.26,0.95,-1.18,13.82,4.61
0.0011533333333333356,0.4,0.26,0.93,-0.53,13.65,7.77
0.001156666666666669,0.37,0.26,0.94,-1.08,12.92,9.63
0.0011600000000000022,0.3,0.26,0.97,-0.81,2.47,9.53
0.0011633333333333354,0.31,0.26,0.98,-1.37,-4.12,6.52
0.0011666666666666687,0.36,0.26,0.95,-4.84,2.4,3.69
0.001170000000000002,0.38,0.25,0.94,-4.18,7.44,1.68
0.0011733333333333353,0.35,0.26,0.96,-4.32,5.08,3.54
0.0011766666666666685,0.35,0.26,0.96,-3.3,1.74,4.06
0.0011800000000000018,0.38,0.27,0.95,-5.45,4.79,5.3
0.001183333333333335,0.39,0.28,0.97,-8.56,8.58,5.59
0.0011866666666666683,0.34,0.28,1.01,-7.66,-3.34,10.05
0.0011900000000000016,0.36,0.29,0.96,-10.87,-3.3,11.85
0.0011933333333333349,0.36,0.25,0.94,-11.24,0.75,9.54
0.0011966666666666681,0.34,0.25,0.95,-9.04,-3.47,8.0
0.0012000000000000014,0.35,0.24,0.95,-9.65,-0.21,6.27
0.0012033333333333347,0.34,0.24,0.93,-10.75,2.87,4.15
0.001206666666666668,0.35,0.23,0.93,-9.98,3.3,3.62
0.0012100000000000012,0.38,0.22,0.92,-6.73,2.99,4.85
0.0012133333333333345,0.36,0.2,0.93,-5.76,0.47,6.03
0.0012166666666666678,0.33,0.2,0.93,-5.54,-2.7,6.0
0.001220000000000001,0.33,0.21,0.92,-5.62,-6.06,5.71
0.0012233333333333343,0.33,0.2,0.91,-6.24,-7.89,5.65
0.0012266666666666676,0.34,0.19,0.91,-3.92,-9.33,7.42
0.0012300000000000008,0.3,0.19,0.9,-1.01,-12.09,10.21
