accl_x,accl_y,accl_z,gyro_x,gyro_y,gyro_z
0.06,-0.2,1.02,15.02,-2.99,-0.15
0.05,-0.18,1.03,13.27,-5.45,4.18
-0.02,-0.21,1.04,12.72,-12.84,2.96
0.04,-0.19,0.98,13.51,-10.92,0.58
0.08,-0.18,1.04,8.9,-11.85,1.86
0.14,-0.15,1.03,8.15,-12.55,9.37
0.15,-0.15,1.02,7.66,-5.79,14.14
0.06,-0.17,1.0,4.6,6.03,8.55
0.03,-0.18,1.0,3.51,14.49,1.25
-0.02,-0.19,1.04,1.68,11.34,-5.31
-0.02,-0.19,1.07,-1.79,1.54,-8.92
0.06,-0.18,1.0,-2.26,2.26,-9.11
0.06,-0.19,1.05,-4.87,-5.11,-8.79
0.09,-0.18,1.02,-4.15,-4.89,-8.05
0.12,-0.16,1.0,-4.76,-1.74,-5.83
0.08,-0.18,1.0,-9.15,-2.9,-9.1
0.08,-0.18,1.0,-9.04,-7.65,-7.6
0.09,-0.18,1.02,-7.98,-3.22,-11.01
0.11,-0.2,0.96,-3.39,-6.64,-9.69
0.12,-0.21,0.98,-3.16,-10.5,-8.79
0.12,-0.2,0.97,-3.65,-12.11,-8.63
0.18,-0.22,0.88,0.78,-0.34,-8.14
0.16,-0.2,0.96,3.53,-1.08,-5.48
0.17,-0.19,0.93,8.18,-1.02,-2.56
0.17,-0.2,0.94,10.87,-1.44,-0.43
0.16,-0.18,1.01,10.15,-10.76,3.69
0.16,-0.17,1.02,9.25,-20.98,10.26
0.16,-0.16,1.04,7.42,-22.0,13.19
0.18,-0.16,0.98,8.14,-12.43,15.37
0.14,-0.18,0.96,10.85,-7.45,15.11
0.14,-0.18,0.97,11.33,-2.9,14.61
0.16,-0.16,1.03,6.56,-1.98,16.67
0.1,-0.17,1.05,4.7,-4.66,14.02
0.07,-0.16,1.08,3.82,-3.28,9.56
0.13,-0.17,1.01,2.55,8.63,5.16
0.12,-0.18,1.02,1.08,11.28,3.54
0.13,-0.18,1.02,4.49,5.25,4.17
0.09,-0.19,1.01,7.31,7.79,3.39
0.14,-0.18,0.95,6.41,14.09,2.03
0.14,-0.17,0.99,7.08,21.57,2.06
0.11,-0.19,1.02,8.35,20.32,1.8
0.1,-0.19,1.02,8.27,15.25,2.17
0.11,-0.18,0.97,9.18,20.84,0.73
0.11,-0.17,0.99,9.33,21.47,1.27
0.13,-0.17,1.0,10.31,24.92,2.75
0.13,-0.15,0.97,12.87,31.3,3.98
0.08,-0.15,1.01,12.78,28.89,3.53
0.06,-0.16,1.0,13.33,29.4,2.84
0.02,-0.16,1.01,12.35,26.87,0.99
0.03,-0.16,1.02,12.31,20.12,1.94
0.07,-0.13,0.97,14.84,25.53,3.25
0.04,-0.12,1.02,13.97,27.33,3.51
-0.03,-0.13,1.09,8.76,18.55,2.06
-0.04,-0.12,1.05,7.18,13.88,-0.23
-0.03,-0.13,1.04,5.36,8.24,-1.98
-0.01,-0.13,1.03,5.02,7.22,-2.4
0.03,-0.11,1.05,2.95,11.51,-2.49
0.01,-0.12,1.06,-3.53,6.11,1.05
-0.01,-0.11,1.02,1.71,10.99,-1.65
0.01,-0.13,1.01,1.5,12.64,-3.3
-0.01,-0.13,1.0,2.06,9.19,-3.45
0.01,-0.14,0.97,4.66,8.4,-2.78
0.01,-0.13,0.97,9.28,9.47,-3.07
0.01,-0.12,0.99,9.56,8.41,-2.21
-0.02,-0.12,1.05,7.08,6.38,-2.78
-0.02,-0.12,1.03,5.65,3.54,-3.51
-0.01,-0.11,1.02,5.83,3.77,-4.69
-0.01,-0.12,0.99,6.61,3.77,-4.79
-0.01,-0.12,1.01,7.08,3.3,-4.95
0.01,-0.11,1.02,7.54,3.56,-4.2
-0.01,-0.11,1.04,5.08,-3.1,-4.41
0.01,-0.11,1.03,3.4,0.03,-4.18
0.02,-0.1,0.98,5.73,5.56,-4.38
0.01,-0.11,0.97,9.82,3.13,-3.34
-0.01,-0.11,0.98,11.88,-0.14,-2.98
-0.02,-0.1,1.02,11.1,-4.64,-2.41
0.0,-0.1,1.04,7.56,-6.61,-2.26
0.03,-0.1,0.99,8.93,2.67,-4.44
0.03,-0.1,1.03,6.53,-1.3,-2.12
0.04,-0.09,1.02,6.02,0.67,0.05
0.03,-0.09,1.01,5.69,2.81,-0.29
-0.0,-0.1,1.04,4.82,-0.5,-0.32
0.02,-0.09,1.02,4.61,1.97,-0.21
0.0,-0.08,1.05,-0.2,0.53,-0.27
0.01,-0.07,1.08,-4.63,-3.69,1.18
-0.0,-0.07,1.04,-6.12,0.26,-1.66
-0.04,-0.09,1.06,-18.08,-11.45,-2.34
-0.01,-0.09,1.03,-20.4,-9.01,-7.39
0.01,-0.08,1.05,-20.58,-12.87,-5.69
0.01,-0.1,1.02,-16.85,-15.07,-4.6
0.02,-0.11,1.02,-15.91,-11.95,-4.23
0.02,-0.11,1.05,-17.3,-8.69,-5.53
0.04,-0.11,1.05,-15.08,-2.17,-6.55
0.01,-0.12,1.1,-19.25,-9.48,-8.18
0.01,-0.11,1.15,-26.75,-23.69,-9.19
0.04,-0.15,1.09,-29.21,-22.23,-10.67
0.09,-0.17,1.01,-32.15,-8.98,-11.59
0.11,-0.15,1.01,-31.25,-5.53,-7.51
0.11,-0.18,1.01,-31.95,-12.43,-4.18
0.07,-0.23,0.96,-30.6,-14.67,-0.72
0.1,-0.18,0.93,-29.88,-7.74,6.14
0.09,-0.17,0.9,-22.7,-3.15,5.42
0.05,-0.17,0.92,-13.69,-1.33,3.44
0.06,-0.2,0.94,-12.82,1.92,5.33
0.07,-0.16,0.94,-14.84,10.11,10.75
0.03,-0.2,0.91,-8.98,10.37,7.51
-0.05,-0.23,0.96,-3.92,0.08,3.45
-0.01,-0.18,0.94,-4.32,3.86,1.22
0.02,-0.17,0.97,-3.71,3.77,-1.45
-0.03,-0.17,1.05,-4.38,-4.75,-1.91
0.02,-0.15,1.02,-5.19,-3.98,-3.68
0.04,-0.16,0.99,-2.27,-1.24,-3.48
0.01,-0.18,1.02,-3.37,-3.69,-4.47
0.01,-0.17,1.04,-5.07,-4.64,-5.76
0.06,-0.17,0.95,1.66,5.6,-5.98
0.06,-0.16,0.93,5.13,6.79,-7.3
0.01,-0.19,1.0,5.66,2.0,-7.15
0.03,-0.19,1.04,4.21,-4.02,-7.18
0.12,-0.15,0.98,5.42,3.5,-3.85
0.05,-0.18,0.96,7.68,2.2,-3.24
0.05,-0.19,0.97,8.78,5.73,-3.39
0.05,-0.16,0.98,9.88,6.15,-2.93
0.03,-0.18,1.01,9.51,5.5,-3.91
0.02,-0.17,1.0,10.92,4.14,-5.28
0.03,-0.17,0.99,11.77,2.82,-5.5
0.04,-0.16,1.06,7.98,-3.47,-5.28
0.03,-0.17,1.05,6.5,-8.23,-5.15
0.12,-0.15,1.0,6.09,3.88,-3.48
0.09,-0.16,1.0,7.3,11.04,-2.14
0.06,-0.16,1.03,6.24,11.47,-0.96
0.08,-0.17,1.05,6.58,11.1,0.87
0.06,-0.18,1.03,8.81,8.6,1.18
0.04,-0.18,1.03,8.76,0.93,1.66
0.05,-0.16,1.06,-7.51,11.92,26.6
0.0,-0.16,1.1,0.56,-2.87,2.61
-0.02,-0.16,1.1,-4.64,-8.41,4.56
0.0,-0.17,1.07,-10.18,-1.63,7.31
-0.03,-0.17,0.98,-5.4,-8.95,-3.59
0.02,-0.19,0.95,0.34,-16.15,-5.21
0.14,-0.08,0.91,7.97,4.27,-5.47
0.17,-0.17,0.94,8.82,22.08,-2.23
0.11,-0.16,1.06,4.78,13.63,2.64
0.06,-0.21,1.06,2.85,6.9,5.48
0.11,-0.15,0.98,6.23,12.63,9.28
-0.05,-0.26,1.02,4.87,2.24,5.8
-0.0,-0.18,0.96,9.19,-3.6,5.53
0.07,-0.16,0.99,11.65,3.02,7.18
0.04,-0.14,1.03,11.04,3.56,8.95
0.01,-0.14,1.03,9.37,6.72,9.15
0.0,-0.14,1.04,8.47,4.56,8.12
-0.05,-0.14,1.05,7.16,-1.73,6.58
-0.05,-0.15,1.05,6.41,-6.73,2.96
-0.02,-0.13,1.01,6.12,-5.1,1.54
-0.0,-0.13,1.0,8.72,-6.82,0.31
0.03,-0.13,0.98,10.7,-4.08,0.5
0.03,-0.13,0.94,15.05,-2.15,1.51
0.01,-0.12,0.96,16.75,-6.53,0.72
0.0,-0.11,0.98,18.89,-13.98,1.37
-0.0,-0.1,1.0,21.42,-16.84,0.55
-0.0,-0.12,1.02,18.98,-17.19,-0.41
0.01,-0.11,1.02,16.69,-16.69,-0.69
0.02,-0.09,1.03,15.16,-12.26,-1.91
0.06,-0.09,1.02,13.37,-4.14,-0.56
0.06,-0.09,1.01,12.2,1.74,-0.05
0.05,-0.08,1.02,11.92,1.8,-0.21
0.04,-0.09,1.04,11.24,1.22,0.15
0.0,-0.09,1.03,10.17,-0.34,-1.79
0.07,-0.08,1.01,10.32,11.28,-1.01
0.05,-0.08,1.03,9.56,16.24,-0.64
0.06,-0.07,1.05,6.98,20.56,0.67
0.02,-0.08,1.05,7.28,18.47,-0.61
-0.0,-0.09,1.02,9.92,15.08,-2.66
0.01,-0.1,1.07,6.78,11.39,-2.98
0.01,-0.09,1.04,4.23,13.51,-3.37
0.02,-0.07,1.0,4.78,19.98,-3.34
0.04,-0.08,1.01,7.08,22.87,-3.88
-0.0,-0.09,1.06,5.4,10.63,-2.81
0.01,-0.08,1.05,2.6,8.96,-2.09
0.01,-0.09,1.02,1.07,13.59,-2.35
0.02,-0.07,1.0,2.38,20.66,-2.09
-0.01,-0.07,0.98,5.33,23.76,-1.04
-0.05,-0.08,1.02,8.38,17.08,-4.52
-0.1,-0.08,1.1,2.46,0.41,-6.9
-0.05,-0.08,1.01,2.89,3.57,-8.64
0.02,-0.08,0.99,4.81,14.46,-8.06
0.04,-0.06,1.0,4.29,20.2,-5.05
-0.02,-0.08,0.98,8.14,21.71,-6.31
-0.06,-0.07,1.02,9.13,14.14,-9.27
-0.05,-0.06,1.09,4.4,6.75,-8.72
-0.05,-0.07,1.09,1.66,1.65,-8.69
-0.04,-0.06,1.05,3.22,-2.23,-7.69
-0.03,-0.06,0.99,6.34,-6.55,-7.37
-0.0,-0.06,1.0,8.82,-6.64,-6.0
0.05,-0.05,0.99,10.0,0.98,-2.98
0.02,-0.04,1.04,4.56,1.33,-1.02
-0.03,-0.03,1.04,6.14,-0.4,0.27
-0.01,-0.04,1.05,4.08,-5.08,1.97
-0.02,-0.05,1.0,5.92,-2.61,2.56
-0.01,-0.05,1.03,5.65,-4.03,3.16
-0.03,-0.05,1.05,3.47,-0.64,2.41
-0.04,-0.04,1.04,4.12,1.94,1.95
-0.06,-0.05,1.05,1.71,-1.53,0.69
-0.07,-0.05,1.04,1.28,-4.96,-0.29
-0.04,-0.05,0.96,3.22,0.78,-1.1
-0.02,-0.05,1.01,3.18,-0.43,-0.47
-0.02,-0.03,1.0,4.55,0.23,-0.12
-0.02,-0.04,1.04,4.03,-5.4,0.37
0.0,-0.03,0.98,4.17,2.95,1.04
-0.03,-0.04,1.01,4.5,0.79,0.7
-0.01,-0.03,1.03,1.66,0.75,1.15
-0.01,-0.02,1.03,-0.47,3.18,1.48
-0.02,-0.03,1.02,0.75,5.73,1.66
-0.03,-0.04,0.98,2.03,9.3,1.94
-0.03,-0.03,0.99,3.07,11.18,3.53
-0.03,-0.04,1.06,0.4,10.32,5.42
-0.09,-0.03,1.11,-1.73,-5.02,3.59
-0.12,-0.02,1.06,0.37,4.96,1.34
-0.06,-0.04,1.06,-1.59,-1.92,1.74
-0.05,-0.03,0.99,1.4,1.19,2.27
-0.02,-0.07,0.98,4.52,5.24,3.57
-0.04,-0.03,0.99,5.1,12.69,2.0
0.02,-0.01,1.09,-1.73,23.45,5.37
0.08,0.01,1.07,-6.78,42.85,10.98
0.03,-0.03,1.08,-11.8,54.53,14.87
-0.07,-0.07,1.12,-16.93,43.47,15.08
-0.09,-0.04,1.01,-16.84,47.8,10.6
-0.23,-0.18,1.03,-17.63,40.67,6.44
-0.22,-0.08,1.12,-22.49,25.28,3.36
-0.15,-0.04,1.05,-21.42,19.11,0.49
-0.18,-0.07,1.01,-13.79,14.5,-1.39
-0.14,-0.07,1.04,-15.5,11.37,-2.11
-0.11,-0.07,1.02,-15.74,13.85,-1.92
-0.11,-0.06,0.96,-12.43,12.61,-1.59
-0.11,-0.06,0.95,-7.88,7.01,-0.05
-0.14,-0.08,0.98,-7.89,4.02,-0.89
-0.15,-0.08,0.97,-6.69,1.79,-2.76
-0.12,-0.08,1.0,-7.73,4.5,-1.45
-0.15,-0.08,1.04,-8.15,1.53,-2.06
-0.16,-0.08,1.04,-7.6,-1.25,-2.32
-0.17,-0.07,1.04,-7.95,-2.17,-4.43
-0.14,-0.09,1.0,-9.25,0.18,-5.98
-0.06,-0.08,0.95,-7.57,6.98,-3.31
-0.08,-0.09,0.98,-7.34,8.21,-0.92
-0.1,-0.09,0.91,-3.54,6.58,0.47
-0.15,-0.11,1.0,-3.04,4.47,0.0
-0.14,-0.1,1.01,-1.22,0.43,-0.15
-0.18,-0.1,1.01,-1.88,-5.34,-1.4
-0.17,-0.1,1.03,-1.5,-9.11,-1.92
-0.16,-0.1,1.04,-1.31,-11.62,-2.38
-0.11,-0.13,1.01,-0.69,-2.56,-0.79
-0.08,-0.11,0.97,2.69,3.33,1.79
-0.09,-0.11,0.98,3.76,10.34,2.66
-0.13,-0.09,1.01,1.86,8.03,2.17
-0.13,-0.09,1.01,1.11,8.14,2.44
-0.17,-0.09,1.01,0.67,5.02,1.05
-0.17,-0.1,0.99,2.5,3.65,-0.12
-0.16,-0.1,1.0,3.92,3.27,-0.96
-0.17,-0.09,1.02,2.75,1.76,-1.25
-0.15,-0.09,1.01,3.11,3.74,-0.46
-0.13,-0.09,1.02,2.44,4.11,0.61
-0.13,-0.08,0.98,3.85,5.76,1.13
-0.15,-0.09,1.03,0.26,2.17,1.07
-0.19,-0.1,1.02,0.0,-1.33,-1.04
-0.14,-0.09,0.97,2.72,2.27,-1.22
-0.14,-0.09,1.0,3.01,3.02,-0.44
-0.16,-0.09,0.97,6.17,4.26,-1.15
-0.16,-0.09,0.97,8.93,7.39,-1.36
-0.15,-0.07,1.02,7.47,2.58,-0.46
-0.15,-0.07,1.02,5.65,4.73,-0.56
-0.11,-0.07,0.96,10.12,11.01,1.37
-0.09,-0.07,0.95,14.02,19.89,2.93
-0.14,-0.07,0.94,16.44,22.37,2.47
-0.23,-0.08,1.06,8.34,9.36,-1.34
-0.18,-0.06,0.98,8.95,10.12,-0.24
-0.19,-0.06,1.07,5.91,1.36,-1.31
-0.19,-0.07,1.01,5.3,-2.06,-1.82
-0.16,-0.06,0.99,7.22,-2.5,-2.06
-0.16,-0.05,1.0,6.52,-7.31,-2.05
-0.16,-0.05,1.01,7.15,-6.21,-1.94
-0.17,-0.04,1.03,5.82,-9.56,-0.78
-0.16,-0.05,0.99,7.53,-9.27,0.85
-0.14,-0.05,0.97,10.43,-3.08,0.66
-0.14,-0.03,0.96,13.91,1.04,-0.56
-0.12,-0.04,0.95,17.22,12.67,1.94
-0.13,-0.04,0.95,25.39,17.16,4.47
-0.16,-0.03,0.99,24.76,19.89,4.26
-0.21,-0.03,1.09,19.71,11.04,4.15
-0.2,-0.01,1.02,16.93,3.08,3.04
-0.2,-0.02,1.03,11.89,1.08,1.1
-0.17,0.0,1.04,8.79,2.08,0.38
-0.15,-0.01,0.98,10.64,5.73,1.18
-0.15,-0.03,0.96,11.21,7.63,0.84
-0.19,-0.02,1.05,7.85,3.82,-0.29
-0.17,-0.01,1.07,2.73,-0.09,-0.89
-0.17,0.01,0.98,4.92,1.27,-0.6
-0.16,-0.01,1.02,3.83,3.48,0.4
-0.18,0.0,1.0,1.39,8.44,0.08
-0.16,0.0,0.98,1.79,15.47,1.63
-0.19,-0.0,1.01,0.87,10.99,0.92
-0.19,-0.0,0.99,1.86,11.05,-0.2
-0.22,-0.01,1.0,2.23,5.16,-1.5
-0.2,-0.0,0.99,3.82,6.31,-1.69
-0.2,0.0,0.98,5.47,5.15,-1.65
-0.21,0.01,1.0,3.97,3.45,-1.92
-0.16,0.02,1.0,2.4,10.46,-0.34
-0.17,0.02,1.0,1.92,11.83,0.5
-0.16,0.02,0.96,0.72,21.25,2.56
-0.19,0.02,0.96,3.08,23.79,2.15
-0.22,-0.0,0.96,5.39,24.35,0.93
-0.22,0.02,1.01,6.85,23.57,1.86
-0.2,0.02,1.02,4.06,24.27,3.18
-0.26,0.01,1.05,2.55,15.86,2.11
-0.24,0.01,0.99,3.24,16.24,2.38
-0.26,0.0,0.97,6.23,14.61,0.89
-0.31,-0.0,0.99,8.09,5.51,-1.5
-0.25,0.01,0.97,9.88,6.58,-1.24
-0.21,0.03,0.97,8.72,7.11,0.6
-0.25,0.01,0.95,12.46,5.83,0.72
-0.29,0.02,1.05,10.64,-5.34,0.96
-0.25,0.04,1.01,7.4,-8.58,1.13
-0.24,0.02,1.0,6.23,-10.38,0.24
-0.2,0.03,0.95,6.47,-3.25,1.47
-0.25,0.03,0.97,9.79,-0.76,-1.27
-0.28,0.03,1.03,8.87,-10.35,-0.41
-0.23,0.04,0.99,8.78,-0.03,-1.73
-0.2,0.04,0.96,8.72,3.27,-0.82
-0.23,0.04,0.99,7.95,2.63,0.26
-0.24,0.03,1.02,6.44,-1.76,-0.27
-0.25,0.04,0.99,4.34,-2.92,-1.15
-0.22,0.06,0.97,1.82,1.86,-1.66
-0.2,0.06,0.97,2.08,7.76,0.9
-0.25,0.03,0.99,2.7,5.3,-0.23
-0.27,0.04,0.99,5.24,4.29,-1.63
-0.24,0.05,1.01,3.44,6.52,0.11
-0.25,0.06,1.0,2.2,2.43,0.5
-0.26,0.05,1.01,1.82,-2.75,0.14
-0.27,0.05,0.99,0.99,-10.2,-1.24
-0.25,0.05,0.99,-0.98,-12.47,-1.6
-0.25,0.05,1.0,-1.79,-15.98,-2.15
-0.24,0.03,0.99,-2.27,-16.52,-2.0
-0.24,0.04,0.97,-1.08,-16.29,-1.91
-0.21,0.03,0.99,-1.51,-12.64,-1.79
-0.18,0.05,1.0,-1.59,-8.26,-0.7
-0.21,0.04,0.99,-1.16,-8.05,-0.47
-0.22,0.04,0.98,-0.12,-6.38,-0.34
-0.24,0.04,1.0,1.02,-10.02,-0.78
-0.23,0.05,1.0,0.32,-12.82,-1.13
-0.2,0.05,0.98,-0.29,-8.61,-0.47
-0.2,0.05,0.98,0.29,-6.12,-0.89
-0.18,0.04,0.96,1.85,-1.44,-1.25
-0.21,0.05,1.0,0.23,-3.63,-0.79
-0.23,0.06,1.03,-3.02,-6.12,-0.63
-0.18,0.05,0.97,-2.58,-1.1,0.27
-0.21,0.04,0.97,-1.6,0.11,-0.5
-0.2,0.05,0.98,-0.96,3.19,-0.67
-0.19,0.04,1.0,-0.78,3.91,-0.75
-0.2,0.05,0.98,-0.26,6.2,-0.81
-0.2,0.04,0.98,0.32,7.65,-0.44
-0.21,0.04,0.97,0.92,7.36,-0.64
-0.23,0.04,1.0,-1.28,1.71,-1.44
-0.22,0.05,0.97,1.16,11.13,-0.38
-0.2,0.07,1.02,-1.02,11.34,0.89
-0.19,0.07,0.99,-2.21,15.97,2.08
-0.22,0.04,0.97,-1.27,15.13,0.85
-0.22,0.05,0.97,-0.09,20.23,0.58
-0.18,0.04,0.95,0.09,27.24,0.93
-0.27,0.05,0.97,0.87,39.6,4.2
-0.27,0.05,1.02,-1.71,24.69,2.4
-0.32,0.04,1.05,-2.61,6.6,0.82
-0.29,0.04,1.0,-2.73,-1.22,-0.14
-0.25,0.05,0.97,-1.57,-0.93,-0.2
